Name,PublicFolderDatabase
MLEM1868-DB001,MLEM1868-PF001
NHEM2132-DB001,NHEM2132-PF001
MNEM2140-DB001,MNEM2140-PF001
MLEG1864-DB013,MLEM1868-PF001
MLEG1864-DB014,MLEM1868-PF001
MLEG1864-DB015,MLEM1868-PF001
MLEG1864-DB016,MLEM1868-PF001
MLEG1864-DB017,MLEM1868-PF001
MLEG1864-DB018,MLEM1868-PF001
MLEG1864-DB019,MLEM1868-PF001
MLEG1864-DB020,MLEM1868-PF001
MLEG1864-DB021,MLEM1868-PF001
MLEG1864-DB023,MLEM1868-PF001
MLEG1864-DB024,MLEM1868-PF001
MLEG1864-DB025,MLEM1868-PF001
MLEG1864-DB002,MLEM1868-PF001
MLEG1864-DB005,MLEM1868-PF001
MLEG1864-DB006,MLEM1868-PF001
MLEG1864-DB004,MLEM1868-PF001
NHEG2133-DB009,NHEM2132-PF001
NHEG2133-DB004,NHEM2132-PF001
NHEG2133-DB006,NHEM2132-PF001
NHEG2133-DB002,NHEM2132-PF001
NHEG2133-DB007,NHEM2132-PF001
NHEG2133-DB003,NHEM2132-PF001
NHEG2133-DB001,NHEM2132-PF001
MNEG2141-DB003,MNEM2140-PF001
NHEG2133-DB010,NHEM2132-PF001
MNEG2141-DB006,MNEM2140-PF001
MNEG2141-DB005,MNEM2140-PF001
MNEG2141-DB004,MNEM2140-PF001
MLEG1864-DB050-Inactive,MLEM1868-PF001
NHEG2133-DB051-Inactive,NHEM2132-PF001
NHEG2133-DB012,NHEM2132-PF001
MNEG2141-DB007,MNEM2140-PF001
MNEG2141-DB002,MNEM2140-PF001
MNEG2141-DB009,MNEM2140-PF001
MNEG2141-DB008,MNEM2140-PF001
NHEG2133-DB011,NHEM2132-PF001
MNEG2141-DB010,MNEM2140-PF001
MLEG1864-DB027,MLEM1868-PF001
MLEG1864-DB028,MLEM1868-PF001
NHEG2133-DB016,NHEM2132-PF001
NHEG2133-DB014,NHEM2132-PF001
NHEG2133-DB015,NHEM2132-PF001
MLEG1864-DB007,MLEM1868-PF001
MLEG1864-DB011,MLEM1868-PF001
MLEG1864-DB022,MLEM1868-PF001
MLEG1864-DB010,MLEM1868-PF001
MNEG2141-DB001,MNEM2140-PF001
MLEG1864-DB001,MLEM1868-PF001
MLEG1864-DB008,MLEM1868-PF001
NHCS3849-DB001,NHEM2132-PF001
NHEG2133-DB020,NHEM2132-PF001
NHEG2133-DB021,NHEM2132-PF001
NHEG2133-DB022,NHEM2132-PF001
NHEG2133-DB023,NHEM2132-PF001
NHEG2133-DB024,NHEM2132-PF001
MNEG2141-DB012,MNEM2140-PF001
MNEG2141-DB011,MNEM2140-PF001
MLEG1864-DB051-Inactive,MLEM1868-PF001
MNEG2141-DB050-Inactive,MNEM2140-PF001
MLEG1864-DB003,MLEM1868-PF001
MLEG1864-DB026,MLEM1868-PF001
NHEG2133-DB050-Inactive,NHEM2132-PF001
MLEG1864-DB053-Inactive,MLEM1868-PF001
MLEG1864-DB052-Inactive,MLEM1868-PF001
NHEG2133-DB008,NHEM2132-PF001
MLEG1864-DB009,MLEM1868-PF001
NHEG2133-DB025,NHEM2132-PF001
NHEG2133-DB026,NHEM2132-PF001
NHEG2133-DB018,NHEM2132-PF001
NHEG2133-DB017,NHEM2132-PF001
MLEG1864-DB012,MLEM1868-PF001
NHEG2133-DB013-MIN-ESDC,NHEM2132-PF001
NHEG2133-DB019,NHEM2132-PF001
NHEG2133-DB005,NHEM2132-PF001
